Scheme,Implementation,Key Generation [cycles] (mean),Key Generation [cycles] (min),Key Generation [cycles] (max),Encapsulation [cycles] (mean),Encapsulation [cycles] (min),Encapsulation [cycles] (max),Decapsulation [cycles] (mean),Decapsulation [cycles] (min),Decapsulation [cycles] (max),Key Generation [bytes],Encapsulation [bytes],Decapsulation [bytes],nan,nan,nan,nan,nan,nan,.text [bytes],.data [bytes],.bss [bytes],Total [bytes],nan_size,nan_size,nan_size,nan_size,nan_size,Total_Cycles,Max_RAM,Flash,Security_Level,EAS_Class 0,EAS_Class 1,EAS_Class 2
bikel1,m4f,27382389,27382366,27382406,3363252,3363238,3363291,56744036,56744013,56744062,43976,32192,91372,,,,,,,181088,24,49,181161,,,,,,87489677.0,181161.0,181161.0,1,0.0,0.0,0.0
bikel1,m4f,27382389,27382366,27382406,3363252,3363238,3363291,56744036,56744013,56744062,0.2,15.9,0.9,,,,,,,181088,24,49,181161,,,,,,87489677.0,181161.0,181161.0,1,0.0,0.0,0.0
bikel1,opt,76272765,76272741,76272809,5295900,5295877,5295931,138514606,138514541,138514711,35748,25836,78540,,,,,,,34451,24,1,34476,,,,,,220083271.0,78540.0,34476.0,1,0.0,0.0,0.0
bikel1,opt,76272765,76272741,76272809,5295900,5295877,5295931,138514606,138514541,138514711,0.1,10.1,0.4,,,,,,,34451,24,1,34476,,,,,,220083271.0,34476.0,34476.0,1,0.0,0.0,0.794
bikel3,m4f,66285221,66285184,66285235,8441498,8441478,8441521,150282952,150282849,150282974,85744,62944,175128,,,,,,,198034,24,49,198107,,,,,,225009671.0,198107.0,198107.0,3,0.0,0.0,0.0
bikel3,m4f,66285221,66285184,66285235,8441498,8441478,8441521,150282952,150282849,150282974,0.1,12.2,0.7,,,,,,,198034,24,49,198107,,,,,,225009671.0,198107.0,198107.0,3,0.0,0.0,0.0
bikel3,opt,248083316,248083286,248083345,16405238,16405236,16405241,423262047,423261952,423262086,69444,50556,155388,,,,,,,43091,24,1,43116,,,,,,687750601.0,155388.0,43116.0,3,0.0,0.0,0.0
bikel3,opt,248083316,248083286,248083345,16405238,16405236,16405241,423262047,423261952,423262086,0.0,6.3,0.2,,,,,,,43091,24,1,43116,,,,,,687750601.0,43116.0,43116.0,3,0.0,0.0,0.931
hqc-128,clean,52705201,52705180,52705224,105650897,105650877,105650927,159569179,159569176,159569183,33644,51428,55892,,,,,,,18628,0,0,18628,,,,,,317925277.0,55892.0,18628.0,1,0.0,0.0,0.0
hqc-128,clean,52705201,52705180,52705224,105650897,105650877,105650927,159569179,159569176,159569183,0.4,0.8,0.5,,,,,,,18628,0,0,18628,,,,,,317925277.0,18628.0,18628.0,1,0.0,0.0,0.904
hqc-192,clean,161458617,161458590,161458638,323146261,323146250,323146292,486156251,486156214,486156266,65668,101636,110660,,,,,,,21104,0,0,21104,,,,,,970761129.0,110660.0,21104.0,3,0.0,0.0,0.0
hqc-192,clean,161458617,161458590,161458638,323146261,323146250,323146292,486156251,486156214,486156266,0.3,0.5,0.3,,,,,,,21104,0,0,21104,,,,,,970761129.0,21104.0,21104.0,3,0.0,0.0,1.085
hqc-256,clean,295934078,295934057,295934104,591853870,591853850,591853898,891163005,891162988,891163038,103756,161508,175972,,,,,,,26260,0,0,26260,,,,,,1778950953.0,175972.0,26260.0,5,0.0,0.0,0.0
hqc-256,clean,295934078,295934057,295934104,591853870,591853850,591853898,891163005,891162988,891163038,0.2,0.4,0.3,,,,,,,26260,0,0,26260,,,,,,1778950953.0,26260.0,26260.0,5,0.0,0.0,1.248
ml-kem-1024,clean,1536343,1535750,1536698,1708071,1707476,1708427,2020327,2019721,2020672,15128,18776,20352,,,,,,,6160,0,0,6160,,,,,,5264741.0,20352.0,6160.0,5,0.0,0.0,1.318
ml-kem-1024,clean,1536343,1535750,1536698,1708071,1707476,1708427,2020327,2019721,2020672,50.0,45.7,38.6,,,,,,,6160,0,0,6160,,,,,,5264741.0,6160.0,6160.0,5,1.246,1.246,1.401
ml-kem-1024,m4fspeed,1018976,1014877,1026934,1031565,1027454,1039544,1094008,1089897,1101987,6436,7500,7484,,,,,,,16916,0,0,16916,,,,,,3144549.0,16916.0,16916.0,5,0.0,0.0,1.327
ml-kem-1024,m4fspeed,1018976,1014877,1026934,1031565,1027454,1039544,1094008,1089897,1101987,75.3,75.5,71.2,,,,,,,16916,0,0,16916,,,,,,3144549.0,16916.0,16916.0,5,0.0,0.0,1.327
ml-kem-1024,m4fstack,1020202,1017478,1029553,1037953,1035260,1047298,1100982,1098251,1110327,3332,3372,3356,,,,,,,14016,0,0,14016,,,,,,3159137.0,14016.0,14016.0,5,0.0,0.0,1.348
ml-kem-1024,m4fstack,1020202,1017478,1029553,1037953,1035260,1047298,1100982,1098251,1110327,75.1,74.9,70.7,,,,,,,14016,0,0,14016,,,,,,3159137.0,14016.0,14016.0,5,0.0,0.0,1.348
ml-kem-512,clean,595793,595576,595971,700605,700383,700779,888653,888436,888831,6152,8784,9560,,,,,,,5116,0,0,5116,,,,,,2185051.0,9560.0,5116.0,1,0.752,0.752,0.985
ml-kem-512,clean,595793,595576,595971,700605,700383,700779,888653,888436,888831,49.8,41.1,32.5,,,,,,,5116,0,0,5116,,,,,,2185051.0,5116.0,5116.0,1,0.882,0.882,1.011
ml-kem-512,m4fspeed,392423,392211,392614,390881,390671,391073,428167,427955,428357,4372,5436,5412,,,,,,,15848,0,0,15848,,,,,,1211471.0,15848.0,15848.0,1,0.0,0.0,0.938
ml-kem-512,m4fspeed,392423,392211,392614,390881,390671,391073,428167,427955,428357,75.5,73.5,67.1,,,,,,,15848,0,0,15848,,,,,,1211471.0,15848.0,15848.0,1,0.0,0.0,0.938
ml-kem-512,m4fstack,392224,391772,392541,392864,392407,393181,430202,429745,430519,2300,2348,2332,,,,,,,13328,0,0,13328,,,,,,1215290.0,13328.0,13328.0,1,0.0,0.0,0.956
ml-kem-512,m4fstack,392224,391772,392541,392864,392407,393181,430202,429745,430519,75.6,73.2,66.9,,,,,,,13328,0,0,13328,,,,,,1215290.0,13328.0,13328.0,1,0.0,0.0,0.956
ml-kem-768,clean,988722,985880,998135,1138225,1135419,1147634,1387984,1385144,1397397,10248,13384,14480,,,,,,,5120,0,0,5120,,,,,,3514931.0,14480.0,5120.0,3,0.0,0.0,1.155
ml-kem-768,clean,988722,985880,998135,1138225,1135419,1147634,1387984,1385144,1397397,48.5,43.2,35.4,,,,,,,5120,0,0,5120,,,,,,3514931.0,5120.0,5120.0,3,1.081,1.081,1.21
ml-kem-768,m4fspeed,642096,639116,651103,658754,655785,667769,707827,704858,716842,5396,6468,6452,,,,,,,16016,0,0,16016,,,,,,2008677.0,16016.0,16016.0,3,0.0,0.0,1.135
ml-kem-768,m4fspeed,642096,639116,651103,658754,655785,667769,707827,704858,716842,74.5,74.4,69.2,,,,,,,16016,0,0,16016,,,,,,2008677.0,16016.0,16016.0,3,0.0,0.0,1.135
ml-kem-768,m4fstack,644195,640433,652374,664654,660893,672834,714194,710433,722374,2820,2860,2844,,,,,,,13320,0,0,13320,,,,,,2023043.0,13320.0,13320.0,3,0.0,0.0,1.154
ml-kem-768,m4fstack,644195,640433,652374,664654,660893,672834,714194,710433,722374,74.4,73.9,68.7,,,,,,,13320,0,0,13320,,,,,,2023043.0,13320.0,13320.0,3,0.0,0.0,1.154
aimer128f,m4speed,490087,490087,490088,28590420,28590395,28590439,26750578,26749771,26751014,8720,123376,15448,,,,,,,15992,0,0,15992,,,,,,55831085.0,123376.0,15992.0,1,0.0,0.0,0.0
aimer128f,m4speed,490087,490087,490088,28590420,28590395,28590439,26750578,26749771,26751014,57.9,49.5,50.1,,,,,,,15992,0,0,15992,,,,,,55831085.0,15992.0,15992.0,1,0.0,0.0,0.926
aimer128f,m4stack,490082,490082,490083,46470710,46470162,46471507,26743713,26743128,26744143,8720,13864,15440,,,,,,,16392,0,0,16392,,,,,,73704505.0,16392.0,16392.0,1,0.0,0.0,0.923
aimer128f,m4stack,490082,490082,490083,46470710,46470162,46471507,26743713,26743128,26744143,57.9,66.6,50.1,,,,,,,16392,0,0,16392,,,,,,73704505.0,16392.0,16392.0,1,0.0,0.0,0.923
aimer128f,mem_opt,564325,564324,564326,46875341,46874593,46876276,26989249,26988505,26989828,8728,13864,15440,,,,,,,17476,0,0,17476,,,,,,74428915.0,17476.0,17476.0,1,0.0,0.0,0.915
aimer128f,mem_opt,564325,564324,564326,46875341,46874593,46876276,26989249,26988505,26989828,50.6,66.1,49.6,,,,,,,17476,0,0,17476,,,,,,74428915.0,17476.0,17476.0,1,0.0,0.0,0.915
aimer128f,ref,564323,564323,564324,28991142,28991115,28991171,26994617,26994234,26994927,8728,123376,15448,,,,,,,17076,0,0,17076,,,,,,56550082.0,123376.0,17076.0,1,0.0,0.0,0.0
aimer128f,ref,564323,564323,564324,28991142,28991115,28991171,26994617,26994234,26994927,50.6,48.8,49.6,,,,,,,17076,0,0,17076,,,,,,56550082.0,17076.0,17076.0,1,0.0,0.0,0.919
aimer128s,m4speed,490085,490085,490086,277353540,277345110,277354485,225136633,225136625,225136640,8720,166204,34624,,,,,,,16764,0,0,16764,,,,,,502980258.0,166204.0,16764.0,1,0.0,0.0,0.0
aimer128s,m4speed,490085,490085,490086,277353540,277345110,277354485,225136633,225136625,225136640,57.9,43.2,50.7,,,,,,,16764,0,0,16764,,,,,,502980258.0,16764.0,16764.0,1,0.0,0.0,0.917
aimer128s,m4stack,490088,490088,490088,372458535,372458327,372459135,225134323,225134115,225134367,8720,27324,34624,,,,,,,16368,0,0,16368,,,,,,598082946.0,34624.0,16368.0,1,0.0,0.0,0.812
aimer128s,m4stack,490088,490088,490088,372458535,372458327,372459135,225134323,225134115,225134367,57.9,68.3,50.7,,,,,,,16368,0,0,16368,,,,,,598082946.0,16368.0,16368.0,1,0.0,0.0,0.919
aimer128s,mem_opt,564323,564323,564325,374834586,374834473,374834973,227230761,227230441,227230833,8728,27324,34624,,,,,,,17452,0,0,17452,,,,,,602629670.0,34624.0,17452.0,1,0.0,0.0,0.811
aimer128s,mem_opt,564323,564323,564325,374834586,374834473,374834973,227230761,227230441,227230833,50.6,67.9,50.2,,,,,,,17452,0,0,17452,,,,,,602629670.0,17452.0,17452.0,1,0.0,0.0,0.911
aimer192f,m4speed,1192752,1192752,1192753,80106923,80106896,80106945,75084294,75083653,75085373,19184,273104,31608,,,,,,,23528,0,0,23528,,,,,,156383969.0,273104.0,23528.0,3,0.0,0.0,0.0
aimer192f,m4speed,1192752,1192752,1192753,80106923,80106896,80106945,75084294,75083653,75085373,62.3,40.7,41.2,,,,,,,23528,0,0,23528,,,,,,156383969.0,23528.0,23528.0,3,0.0,0.0,1.071
aimer192f,m4stack,1192753,1192753,1192754,116329912,116328844,116330708,75138063,75137469,75138892,19184,29976,31608,,,,,,,23956,0,0,23956,,,,,,192660728.0,31608.0,23956.0,3,0.0,0.0,1.023
aimer192f,m4stack,1192753,1192753,1192754,116329912,116328844,116330708,75138063,75137469,75138892,62.3,57.2,41.2,,,,,,,23956,0,0,23956,,,,,,192660728.0,23956.0,23956.0,3,0.0,0.0,1.068
aimer192f,mem_opt,1397043,1397043,1397043,117993511,117991579,117995094,76372135,76370763,76373839,19192,29976,31608,,,,,,,25384,0,0,25384,,,,,,195762689.0,31608.0,25384.0,3,0.0,0.0,1.021
aimer192f,mem_opt,1397043,1397043,1397043,117993511,117991579,117995094,76372135,76370763,76373839,53.5,56.4,40.5,,,,,,,25384,0,0,25384,,,,,,195762689.0,25384.0,25384.0,3,0.0,0.0,1.058
aimer192f,ref,1397040,1397040,1397041,81884026,81883991,81884035,76458825,76456517,76460984,19192,273104,31608,,,,,,,24956,0,0,24956,,,,,,159739891.0,273104.0,24956.0,3,0.0,0.0,0.0
aimer192f,ref,1397040,1397040,1397041,81884026,81883991,81884035,76458825,76456517,76460984,53.5,39.8,40.5,,,,,,,24956,0,0,24956,,,,,,159739891.0,24956.0,24956.0,3,0.0,0.0,1.061
aimer192s,m4speed,1192756,1192756,1192758,763112898,763110056,763113314,617799254,617799226,617799272,19184,349788,60384,,,,,,,24256,0,0,24256,,,,,,1382104908.0,349788.0,24256.0,3,0.0,0.0,0.0
aimer192s,m4speed,1192756,1192756,1192758,763112898,763110056,763113314,617799254,617799226,617799272,62.3,43.4,41.7,,,,,,,24256,0,0,24256,,,,,,1382104908.0,24256.0,24256.0,3,0.0,0.0,1.062
aimer192s,m4stack,1192756,1192756,1192756,904630579,904630192,904631379,617834636,617834607,617834652,19184,43220,60384,,,,,,,23860,0,0,23860,,,,,,1523657971.0,60384.0,23860.0,3,0.0,0.0,0.0
aimer192s,m4stack,1192756,1192756,1192756,904630579,904630192,904631379,617834636,617834607,617834652,62.3,58.9,41.7,,,,,,,23860,0,0,23860,,,,,,1523657971.0,23860.0,23860.0,3,0.0,0.0,1.065
aimer192s,mem_opt,1397047,1397039,1397079,916637185,916637133,916637425,629249382,629249345,629249415,19192,43220,60384,,,,,,,25288,0,0,25288,,,,,,1547283614.0,60384.0,25288.0,3,0.0,0.0,0.0
aimer192s,mem_opt,1397047,1397039,1397079,916637185,916637133,916637425,629249382,629249345,629249415,53.5,58.1,40.9,,,,,,,25288,0,0,25288,,,,,,1547283614.0,25288.0,25288.0,3,0.0,0.0,1.055
aimer256f,m4speed,2899948,2899948,2899949,160891483,160891455,160891501,166071755,166068640,166073951,50032,573176,78608,,,,,,,25596,0,0,25596,,,,,,329863186.0,573176.0,25596.0,5,0.0,0.0,0.0
aimer256f,m4speed,2899948,2899948,2899949,160891483,160891455,160891501,166071755,166068640,166073951,67.7,28.6,27.8,,,,,,,25596,0,0,25596,,,,,,329863186.0,25596.0,25596.0,5,0.0,0.0,1.255
aimer256f,m4stack,2899950,2899947,2899985,228360437,228359438,228362262,166042220,166040702,166043056,50032,77056,78568,,,,,,,26096,0,0,26096,,,,,,397302607.0,78568.0,26096.0,5,0.0,0.0,0.0
aimer256f,m4stack,2899950,2899947,2899985,228360437,228359438,228362262,166042220,166040702,166043056,67.7,41.5,27.8,,,,,,,26096,0,0,26096,,,,,,397302607.0,26096.0,26096.0,5,0.0,0.0,1.251
aimer256f,mem_opt,3344254,3344250,3344255,233973308,233969892,233976707,170620601,170617448,170623743,50040,77164,78568,,,,,,,27804,0,0,27804,,,,,,407938163.0,78568.0,27804.0,5,0.0,0.0,0.0
aimer256f,mem_opt,3344254,3344250,3344255,233973308,233969892,233976707,170620601,170617448,170623743,58.9,40.6,27.0,,,,,,,27804,0,0,27804,,,,,,407938163.0,27804.0,27804.0,5,0.0,0.0,1.239
aimer256f,ref,3344258,3344255,3344292,164484408,164483962,164484481,170648722,170647189,170651027,50040,573284,78716,,,,,,,27304,0,0,27304,,,,,,338477388.0,573284.0,27304.0,5,0.0,0.0,0.0
aimer256f,ref,3344258,3344255,3344292,164484408,164483962,164484481,170648722,170647189,170651027,58.9,28.0,27.0,,,,,,,27304,0,0,27304,,,,,,338477388.0,27304.0,27304.0,5,0.0,0.0,1.243
aimer256s,m4speed,2899956,2899949,2899989,1391295720,1391289067,1391297144,1321985344,1321984834,1321985426,50032,615856,116936,,,,,,,26372,0,0,26372,,,,,,2716181020.0,615856.0,26372.0,5,0.0,0.0,0.0
aimer256s,m4speed,2899956,2899949,2899989,1391295720,1391289067,1391297144,1321985344,1321984834,1321985426,67.7,32.2,28.0,,,,,,,26372,0,0,26372,,,,,,2716181020.0,26372.0,26372.0,5,0.0,0.0,1.246
aimer256s,m4stack,2899950,2899950,2899950,1712314043,1712314001,1712314175,1322034101,1322034066,1322034132,50032,76032,116936,,,,,,,25928,0,0,25928,,,,,,3037248094.0,116936.0,25928.0,5,0.0,0.0,0.0
aimer256s,m4stack,2899950,2899950,2899950,1712314043,1712314001,1712314175,1322034101,1322034066,1322034132,67.7,43.3,28.0,,,,,,,25928,0,0,25928,,,,,,3037248094.0,25928.0,25928.0,5,0.0,0.0,1.249
aimer256s,mem_opt,3344262,3344252,3344293,1752719642,1752719422,1752720844,1361337862,1361336718,1361338013,50040,76140,117044,,,,,,,27636,0,0,27636,,,,,,3117401766.0,117044.0,27636.0,5,0.0,0.0,0.0
aimer256s,mem_opt,3344262,3344252,3344293,1752719642,1752719422,1752720844,1361337862,1361336718,1361338013,58.9,42.4,27.2,,,,,,,27636,0,0,27636,,,,,,3117401766.0,27636.0,27636.0,5,0.0,0.0,1.237
cross-sha2-r-sdp-1-fast,ref,5614888,5590276,5650611,216566013,215745202,217395250,143008126,141803162,144002548,5200,218304,105604,,,,,,,14244,0,104,14348,,,,,,365189027.0,218304.0,14348.0,1,0.0,0.0,0.0
cross-sha2-r-sdp-1-fast,ref,5614888,5590276,5650611,216566013,215745202,217395250,143008126,141803162,144002548,90.2,86.3,91.0,,,,,,,14244,0,104,14348,,,,,,365189027.0,14348.0,14348.0,1,0.0,0.0,0.934
cross-sha2-r-sdp-3-fast,ref,8201340,8148672,8208465,241899820,241815860,242049039,123896179,123524606,124545760,9920,324764,158132,,,,,,,14744,0,128,14872,,,,,,373997339.0,324764.0,14872.0,1,0.0,0.0,0.0
cross-sha2-r-sdp-3-fast,ref,8201340,8148672,8208465,241899820,241815860,242049039,123896179,123524606,124545760,86.5,79.8,81.7,,,,,,,14744,0,128,14872,,,,,,373997339.0,14872.0,14872.0,1,0.0,0.0,0.93
cross-sha2-r-sdpg-1-fast,ref,2151163,2115797,2174685,116162852,116120174,116181821,87741423,87209686,88267494,2760,130824,69536,,,,,,,18409,0,104,18513,,,,,,206055438.0,130824.0,18513.0,1,0.0,0.0,0.0
cross-sha2-r-sdpg-1-fast,ref,2151163,2115797,2174685,116162852,116120174,116181821,87741423,87209686,88267494,92.9,90.9,92.1,,,,,,,18409,0,104,18513,,,,,,206055438.0,18513.0,18513.0,1,0.0,0.0,0.906
cross-sha2-r-sdpg-1-small,ref,2151212,2115845,2174734,391718680,391662566,391774957,368397996,367703173,369416443,2760,466288,245480,,,,,,,18674,0,104,18778,,,,,,762267888.0,466288.0,18778.0,1,0.0,0.0,0.0
cross-sha2-r-sdpg-1-small,ref,2151212,2115845,2174734,391718680,391662566,391774957,368397996,367703173,369416443,92.9,90.6,92.9,,,,,,,18674,0,104,18778,,,,,,762267888.0,18778.0,18778.0,1,0.0,0.0,0.902
cross-sha2-r-sdpg-3-fast,ref,3049185,2996960,3055381,136242875,136234139,136299163,84236165,83659318,85067521,4536,205148,108452,,,,,,,19609,0,128,19737,,,,,,223528225.0,205148.0,19737.0,1,0.0,0.0,0.0
cross-sha2-r-sdpg-3-fast,ref,3049185,2996960,3055381,136242875,136234139,136299163,84236165,83659318,85067521,90.5,87.2,86.9,,,,,,,19609,0,128,19737,,,,,,223528225.0,19737.0,19737.0,1,0.0,0.0,0.897
cross-sha2-r-sdpg-5-fast,ref,4302017,4249738,4308343,221761047,221758357,221762936,134821310,134547992,135025658,7408,398612,213684,,,,,,,18669,0,152,18821,,,,,,360884374.0,398612.0,18821.0,1,0.0,0.0,0.0
cross-sha2-r-sdpg-5-fast,ref,4302017,4249738,4308343,221761047,221758357,221762936,134821310,134547992,135025658,88.0,83.0,82.4,,,,,,,18669,0,152,18821,,,,,,360884374.0,18821.0,18821.0,1,0.0,0.0,0.903
cross-sha3-r-sdp-1-fast,ref,967965,963482,978861,58864285,58853041,58876854,30641221,30631654,30661122,4672,218400,105576,,,,,,,14472,0,208,14680,,,,,,90473471.0,218400.0,14680.0,1,0.0,0.0,0.0
cross-sha3-r-sdp-1-fast,ref,967965,963482,978861,58864285,58853041,58876854,30641221,30631654,30661122,67.1,61.2,72.0,,,,,,,14472,0,208,14680,,,,,,90473471.0,14680.0,14680.0,1,0.0,0.0,0.934
cross-sha3-r-sdp-3-fast,ref,2195040,2191401,2205040,90064203,90034522,90080511,48561804,48542657,48577008,9336,324688,157792,,,,,,,14884,0,208,15092,,,,,,140821047.0,324688.0,15092.0,1,0.0,0.0,0.0
cross-sha3-r-sdp-3-fast,ref,2195040,2191401,2205040,90064203,90034522,90080511,48561804,48542657,48577008,67.7,57.5,62.4,,,,,,,14884,0,208,15092,,,,,,140821047.0,15092.0,15092.0,1,0.0,0.0,0.931
cross-sha3-r-sdpg-1-fast,ref,290136,287742,297758,29963868,29960918,29974902,20093649,20078626,20103416,2328,130928,69560,,,,,,,18605,0,208,18813,,,,,,50347653.0,130928.0,18813.0,1,0.0,0.0,0.0
cross-sha3-r-sdpg-1-fast,ref,290136,287742,297758,29963868,29960918,29974902,20093649,20078626,20103416,71.8,74.8,77.1,,,,,,,18605,0,208,18813,,,,,,50347653.0,18813.0,18813.0,1,0.0,0.0,0.907
cross-sha3-r-sdpg-1-small,ref,290135,287741,297757,102853622,102847774,102861948,75137510,75126803,75159685,2328,466400,245512,,,,,,,18846,0,208,19054,,,,,,178281267.0,466400.0,19054.0,1,0.0,0.0,0.0
cross-sha3-r-sdpg-1-small,ref,290135,287741,297757,102853622,102847774,102861948,75137510,75126803,75159685,71.8,74.7,78.4,,,,,,,18846,0,208,19054,,,,,,178281267.0,19054.0,19054.0,1,0.0,0.0,0.902
cross-sha3-r-sdpg-3-fast,ref,627948,625525,637639,43573841,43565461,43582933,27513830,27493024,27525746,4032,205080,108236,,,,,,,19689,0,208,19897,,,,,,71715619.0,205080.0,19897.0,1,0.0,0.0,0.0
cross-sha3-r-sdpg-3-fast,ref,627948,625525,637639,43573841,43565461,43582933,27513830,27493024,27525746,71.7,68.2,68.7,,,,,,,19689,0,208,19897,,,,,,71715619.0,19897.0,19897.0,1,0.0,0.0,0.898
cross-sha3-r-sdpg-5-fast,ref,1146280,1142409,1153794,93557878,93547167,93566329,59948216,59857434,60043852,6824,398600,213436,,,,,,,18593,0,208,18801,,,,,,154652374.0,398600.0,18801.0,1,0.0,0.0,0.0
cross-sha3-r-sdpg-5-fast,ref,1146280,1142409,1153794,93557878,93547167,93566329,59948216,59857434,60043852,71.1,66.1,66.8,,,,,,,18593,0,208,18801,,,,,,154652374.0,18801.0,18801.0,1,0.0,0.0,0.904
fndsa_provisional-1024,m4f,308608613,195536229,763483542,48321135,48158227,48398718,793856,782604,799182,27772,81992,5024,,,,,,,103801,0,0,103801,,,,,,357723604.0,103801.0,103801.0,5,0.0,0.0,0.0
fndsa_provisional-1024,m4f,308608613,195536229,763483542,48321135,48158227,48398718,793856,782604,799182,7.0,10.2,61.6,,,,,,,103801,0,0,103801,,,,,,357723604.0,103801.0,103801.0,5,0.0,0.0,0.0
fndsa_provisional-1024,ref,274928016,217869128,448029028,107512779,107106716,107788566,1461795,1444739,1469817,27676,82276,5308,,,,,,,103089,0,0,103089,,,,,,383902590.0,103089.0,103089.0,5,0.0,0.0,0.0
fndsa_provisional-1024,ref,274928016,217869128,448029028,107512779,107106716,107788566,1461795,1444739,1469817,8.0,6.2,45.3,,,,,,,103089,0,0,103089,,,,,,383902590.0,103089.0,103089.0,5,0.0,0.0,0.0
fndsa_provisional-512,m4f,67693338,57825106,81542705,22469685,22280159,22594542,396949,390368,406553,14348,41952,2976,,,,,,,103789,0,0,103789,,,,,,90559972.0,103789.0,103789.0,1,0.0,0.0,0.0
fndsa_provisional-512,m4f,67693338,57825106,81542705,22469685,22280159,22594542,396949,390368,406553,4.2,11.2,64.0,,,,,,,103789,0,0,103789,,,,,,90559972.0,103789.0,103789.0,1,0.0,0.0,0.0
fndsa_provisional-512,ref,85699591,64822516,132207505,49522949,49325465,49631598,731387,714301,738870,14380,42124,3260,,,,,,,103077,0,0,103077,,,,,,135953927.0,103077.0,103077.0,1,0.0,0.0,0.0
fndsa_provisional-512,ref,85699591,64822516,132207505,49522949,49325465,49631598,731387,714301,738870,8.1,6.9,47.6,,,,,,,103077,0,0,103077,,,,,,135953927.0,103077.0,103077.0,1,0.0,0.0,0.0
haetae2,m4f,6743278,1555292,25393506,21993963,4721290,86765689,918459,918244,918668,19756,55568,23296,,,,,,,35708,0,0,35708,,,,,,29655700.0,55568.0,35708.0,1,0.0,0.0,0.0
haetae2,m4f,6743278,1555292,25393506,21993963,4721290,86765689,918459,918244,918668,12.4,56.7,54.1,,,,,,,35708,0,0,35708,,,,,,29655700.0,35708.0,35708.0,1,0.0,0.0,0.789
haetae2,ref,9363639,1716264,41895014,31631089,6247382,216853925,1104080,1103874,1104329,26092,54444,29696,,,,,,,25568,0,0,25568,,,,,,42098808.0,54444.0,25568.0,1,0.0,0.0,0.0
haetae2,ref,9363639,1716264,41895014,31631089,6247382,216853925,1104080,1103874,1104329,10.6,42.4,45.1,,,,,,,25568,0,0,25568,,,,,,42098808.0,25568.0,25568.0,1,0.0,0.0,0.86
haetae3,m4f,12925388,2752846,52240529,30891994,7467529,160522018,1760745,1760408,1761081,29596,83420,31784,,,,,,,35936,0,0,35936,,,,,,45578127.0,83420.0,35936.0,1,0.0,0.0,0.0
haetae3,m4f,12925388,2752846,52240529,30891994,7467529,160522018,1760745,1760408,1761081,14.6,56.6,57.1,,,,,,,35936,0,0,35936,,,,,,45578127.0,35936.0,35936.0,1,0.0,0.0,0.786
haetae3,ref,20247658,3023325,101863701,41078691,9771906,168213225,1998105,1997691,1998406,43492,80428,48424,,,,,,,25980,0,0,25980,,,,,,63324454.0,80428.0,25980.0,1,0.0,0.0,0.0
haetae3,ref,20247658,3023325,101863701,41078691,9771906,168213225,1998105,1997691,1998406,14.4,42.4,50.3,,,,,,,25980,0,0,25980,,,,,,63324454.0,25980.0,25980.0,1,0.0,0.0,0.856
haetae5,m4f,19064310,3530778,94189003,44679058,9277906,182948586,2323830,2323454,2324229,34084,103964,37300,,,,,,,35692,0,0,35692,,,,,,66067198.0,103964.0,35692.0,1,0.0,0.0,0.0
haetae5,m4f,19064310,3530778,94189003,44679058,9277906,182948586,2323830,2323454,2324229,15.7,56.6,57.5,,,,,,,35692,0,0,35692,,,,,,66067198.0,35692.0,35692.0,1,0.0,0.0,0.787
haetae5,ref,18169623,3864921,64304046,63180459,12011324,264538555,2461679,2461294,2462068,54868,100228,62024,,,,,,,25688,0,0,25688,,,,,,83811761.0,100228.0,25688.0,1,0.0,0.0,0.0
haetae5,ref,18169623,3864921,64304046,63180459,12011324,264538555,2461679,2461294,2462068,15.7,42.8,54.3,,,,,,,25688,0,0,25688,,,,,,83811761.0,25688.0,25688.0,1,0.0,0.0,0.857
hawk1024,ref,246017495,183762252,662190563,4309675,4309595,4309759,2782441,2780257,2784348,27972,7980,11468,,,,,,,102031,0,0,102031,,,,,,253109611.0,102031.0,102031.0,5,0.0,0.0,0.0
hawk1024,ref,246017495,183762252,662190563,4309675,4309595,4309759,2782441,2780257,2784348,1.7,49.3,8.3,,,,,,,102031,0,0,102031,,,,,,253109611.0,102031.0,102031.0,5,0.0,0.0,0.0
hawk256,ref,15758436,11600791,35345186,1042002,954957,2294025,627815,627480,628077,7900,3320,3712,,,,,,,102015,0,0,102015,,,,,,17428253.0,102015.0,102015.0,5,0.0,0.0,0.0
hawk256,ref,15758436,11600791,35345186,1042002,954957,2294025,627815,627480,628077,32.8,54.6,10.7,,,,,,,102015,0,0,102015,,,,,,17428253.0,102015.0,102015.0,5,0.0,0.0,0.0
hawk512,ref,53733289,45271209,174603165,1972051,1971984,1972127,1293829,1292946,1294494,14580,4856,6272,,,,,,,102027,0,0,102027,,,,,,56999169.0,102027.0,102027.0,1,0.0,0.0,0.0
hawk512,ref,53733289,45271209,174603165,1972051,1971984,1972127,1293829,1292946,1294494,2.6,48.7,8.6,,,,,,,102027,0,0,102027,,,,,,56999169.0,102027.0,102027.0,1,0.0,0.0,0.0
mayo1,m4f,9572502,9572487,9572527,16860361,16860360,16860362,11031631,11031601,11031641,179276,251204,253484,,,,,,,67236,8,1,67245,,,,,,37464494.0,253484.0,67245.0,1,0.0,0.0,0.0
mayo1,m4f,9572502,9572487,9572527,16860361,16860360,16860362,11031631,11031601,11031641,67.5,38.8,58.5,,,,,,,67236,8,1,67245,,,,,,37464494.0,67245.0,67245.0,1,0.0,0.0,0.0
mayo1,ref,14912311,14912275,14912318,34939149,34939148,34939151,13972096,13972062,13972103,154220,197268,214756,,,,,,,29988,8,16,30012,,,,,,63823556.0,214756.0,30012.0,1,0.0,0.0,0.0
mayo1,ref,14912311,14912275,14912318,34939149,34939148,34939151,13972096,13972062,13972103,43.3,18.7,46.2,,,,,,,29988,8,16,30012,,,,,,63823556.0,30012.0,30012.0,1,0.0,0.0,0.827
mayo2,m4f,9575000,9574978,9575017,11006533,11006511,11006551,6028386,6028371,6028413,169548,168700,159500,,,,,,,68356,8,1,68365,,,,,,26609919.0,169548.0,68365.0,1,0.0,0.0,0.0
mayo2,m4f,9575000,9574978,9575017,11006533,11006511,11006551,6028386,6028371,6028413,47.7,42.0,75.2,,,,,,,68356,8,1,68365,,,,,,26609919.0,68365.0,68365.0,1,0.0,0.0,0.0
mayo2,ref,17182073,17182072,17182075,23433633,23433613,23433656,6809416,6809403,6809447,118204,122252,152732,,,,,,,27852,8,16,27876,,,,,,47425122.0,152732.0,27876.0,1,0.0,0.0,0.0
mayo2,ref,17182073,17182072,17182075,23433633,23433613,23433656,6809416,6809403,6809447,26.6,19.7,66.6,,,,,,,27852,8,16,27876,,,,,,47425122.0,27876.0,27876.0,1,0.0,0.0,0.843
mayo3,m4f,27170159,27170149,27170188,45517756,45517727,45517768,28446810,28446809,28446813,499508,592012,583212,,,,,,,97168,8,1,97177,,,,,,101134725.0,592012.0,97177.0,1,0.0,0.0,0.0
mayo3,m4f,27170159,27170149,27170188,45517756,45517727,45517768,28446810,28446809,28446813,61.9,37.1,59.0,,,,,,,97168,8,1,97177,,,,,,101134725.0,97177.0,97177.0,1,0.0,0.0,0.0
mayo3,ref,42601482,42601466,42601509,95034259,95034238,95034278,34019916,34019866,34019966,401500,487596,515860,,,,,,,36660,8,16,36684,,,,,,171655657.0,515860.0,36684.0,1,0.0,0.0,0.0
mayo3,ref,42601482,42601466,42601509,95034259,95034238,95034278,34019916,34019866,34019966,39.5,16.5,45.9,,,,,,,36660,8,16,36684,,,,,,171655657.0,36684.0,36684.0,1,0.0,0.0,0.778
mirith_IIIa_fast,ref,3009088,3009084,3009123,891195817,891191657,891198221,831725932,831697264,831742620,21832,266480,46156,,,,,,,7720,256,0,7976,,,,,,1725930837.0,266480.0,7976.0,1,0.0,0.0,0.0
mirith_IIIa_fast,ref,3009088,3009084,3009123,891195817,891191657,891198221,831725932,831697264,831742620,64.3,6.7,6.5,,,,,,,7720,256,0,7976,,,,,,1725930837.0,7976.0,7976.0,1,0.775,0.775,0.976
mirith_IIIb_fast,ref,4565011,4565007,4565046,1298812706,1298810546,1298815343,1214260655,1214247570,1214277229,32872,298208,59172,,,,,,,7760,256,0,8016,,,,,,2517638372.0,298208.0,8016.0,1,0.0,0.0,0.0
mirith_IIIb_fast,ref,4565011,4565007,4565046,1298812706,1298810546,1298815343,1214260655,1214247570,1214277229,64.5,4.7,4.6,,,,,,,7760,256,0,8016,,,,,,2517638372.0,8016.0,8016.0,1,0.774,0.774,0.976
mirith_Ia_fast,ref,1303728,1303721,1303764,296732107,296728990,296734109,276059526,276031297,276080171,10208,122424,22836,,,,,,,7610,256,0,7866,,,,,,574095361.0,122424.0,7866.0,1,0.0,0.0,0.0
mirith_Ia_fast,ref,1303728,1303721,1303764,296732107,296728990,296734109,276059526,276031297,276080171,61.4,10.1,9.7,,,,,,,7610,256,0,7866,,,,,,574095361.0,7866.0,7866.0,1,0.781,0.781,0.979
mirith_Ib_fast,ref,2514924,2514920,2514964,565778762,565776437,565781372,528408968,528400758,528415550,19064,151016,33764,,,,,,,7602,256,0,7858,,,,,,1096702654.0,151016.0,7858.0,1,0.0,0.0,0.0
mirith_Ib_fast,ref,2514924,2514920,2514964,565778762,565776437,565781372,528408968,528400758,528415550,61.2,6.6,6.4,,,,,,,7602,256,0,7858,,,,,,1096702654.0,7858.0,7858.0,1,0.78,0.78,0.978
mirith_Va_fast,ref,6254885,6254885,6254887,2373353150,2373347664,2373358665,2233960878,2233908923,2234010721,45000,484464,85252,,,,,,,7890,256,0,8146,,,,,,4613568913.0,484464.0,8146.0,1,0.0,0.0,0.0
mirith_Va_fast,ref,6254885,6254885,6254887,2373353150,2373347664,2373358665,2233960878,2233908923,2234010721,64.8,4.3,4.4,,,,,,,7890,256,0,8146,,,,,,4613568913.0,8146.0,8146.0,1,0.769,0.769,0.974
mirith_Vb_fast,ref,8807561,8807538,8807580,3406388587,3406385114,3406391954,3205119426,3205069724,3205181151,62864,535176,106004,,,,,,,7914,256,0,8170,,,,,,6620315574.0,535176.0,8170.0,1,0.0,0.0,0.0
mirith_Vb_fast,ref,8807561,8807538,8807580,3406388587,3406385114,3406391954,3205119426,3205069724,3205181151,64.5,3.1,3.2,,,,,,,7914,256,0,8170,,,,,,6620315574.0,8170.0,8170.0,1,0.767,0.767,0.973
mirith_hypercube_IIIa_fast,ref,3009085,3009081,3009121,323235292,323169167,323309072,313483184,313455293,313507476,21832,167024,42692,,,,,,,8966,256,0,9222,,,,,,639727561.0,167024.0,9222.0,1,0.0,0.0,0.0
mirith_hypercube_IIIa_fast,ref,3009085,3009081,3009121,323235292,323169167,323309072,313483184,313455293,313507476,64.3,18.7,17.1,,,,,,,8966,256,0,9222,,,,,,639727561.0,9222.0,9222.0,1,0.737,0.737,0.969
mirith_hypercube_IIIa_short,ref,3009092,3009084,3009125,718708882,718706940,718725922,730959561,730953898,730965347,21832,486448,56596,,,,,,,9139,256,0,9395,,,,,,1452677535.0,486448.0,9395.0,1,0.0,0.0,0.0
mirith_hypercube_IIIa_short,ref,3009092,3009084,3009125,718708882,718706940,718725922,730959561,730953898,730965347,64.3,54.7,56.1,,,,,,,9139,256,0,9395,,,,,,1452677535.0,9395.0,9395.0,1,0.73,0.73,0.967
mirith_hypercube_IIIb_fast,ref,4565028,4565013,4565053,450970203,450912625,451011870,441590516,441574663,441613045,32872,189520,55244,,,,,,,9002,256,0,9258,,,,,,897125747.0,189520.0,9258.0,1,0.0,0.0,0.0
mirith_hypercube_IIIb_fast,ref,4565028,4565013,4565053,450970203,450912625,451011870,441590516,441574663,441613045,64.5,13.7,12.4,,,,,,,9002,256,0,9258,,,,,,897125747.0,9258.0,9258.0,1,0.735,0.735,0.968
mirith_hypercube_IIIb_short,ref,4565027,4565008,4565047,845096869,845094881,845114293,860321543,860312205,860325520,32872,509056,68632,,,,,,,9159,256,0,9415,,,,,,1709983439.0,509056.0,9415.0,1,0.0,0.0,0.0
mirith_hypercube_IIIb_short,ref,4565027,4565008,4565047,845096869,845094881,845114293,860321543,860312205,860325520,64.5,47.3,48.4,,,,,,,9159,256,0,9415,,,,,,1709983439.0,9415.0,9415.0,1,0.729,0.729,0.966
mirith_hypercube_Ia_fast,opt,995563,995419,995752,58999862,58972041,59042031,53599779,53565299,53623234,10216,76944,20864,,,,,,,10932,0,0,10932,,,,,,113595204.0,76944.0,10932.0,1,0.0,0.0,0.0
mirith_hypercube_Ia_fast,opt,995563,995419,995752,58999862,58972041,59042031,53599779,53565299,53623234,78.1,51.5,49.1,,,,,,,10932,0,0,10932,,,,,,113595204.0,10932.0,10932.0,1,0.0,0.0,0.96
mirith_hypercube_Ia_fast,ref,1303715,1303715,1303718,116964064,116941316,116990779,111505597,111482197,111525936,10208,76944,20864,,,,,,,8844,256,0,9100,,,,,,229773376.0,76944.0,9100.0,1,0.0,0.0,0.0
mirith_hypercube_Ia_fast,ref,1303715,1303715,1303718,116964064,116941316,116990779,111505597,111482197,111525936,61.4,26.7,24.3,,,,,,,8844,256,0,9100,,,,,,229773376.0,9100.0,9100.0,1,0.743,0.743,0.972
mirith_hypercube_Ia_short,ref,1303722,1303721,1303724,370999431,370999393,370999483,364000112,363996085,364002214,10208,217624,31212,,,,,,,8781,256,0,9037,,,,,,736303265.0,217624.0,9037.0,1,0.0,0.0,0.0
mirith_hypercube_Ia_short,ref,1303722,1303721,1303724,370999431,370999393,370999483,364000112,363996085,364002214,61.4,66.7,67.1,,,,,,,8781,256,0,9037,,,,,,736303265.0,9037.0,9037.0,1,0.743,0.743,0.97
mirith_hypercube_Ib_fast,opt,1879815,1879488,1880127,83825209,83797728,83857763,78145476,78137727,78153192,19072,96928,31316,,,,,,,10908,0,0,10908,,,,,,163850500.0,96928.0,10908.0,1,0.0,0.0,0.0
mirith_hypercube_Ib_fast,opt,1879815,1879488,1880127,83825209,83797728,83857763,78145476,78137727,78153192,79.5,44.8,42.3,,,,,,,10908,0,0,10908,,,,,,163850500.0,10908.0,10908.0,1,0.0,0.0,0.96
mirith_hypercube_Ib_fast,ref,2514929,2514917,2514959,205510181,205497961,205547801,199772762,199769009,199782994,19064,96928,31316,,,,,,,8820,256,0,9076,,,,,,407797872.0,96928.0,9076.0,1,0.0,0.0,0.0
mirith_hypercube_Ib_fast,ref,2514929,2514917,2514959,205510181,205497961,205547801,199772762,199769009,199782994,61.2,18.7,17.0,,,,,,,8820,256,0,9076,,,,,,407797872.0,9076.0,9076.0,1,0.742,0.742,0.971
mirith_hypercube_Ib_short,ref,2514920,2514920,2514923,447351952,447351902,447351992,440279587,440278101,440281382,19064,237408,41220,,,,,,,8825,256,0,9081,,,,,,890146459.0,237408.0,9081.0,1,0.0,0.0,0.0
mirith_hypercube_Ib_short,ref,2514920,2514920,2514923,447351952,447351902,447351992,440279587,440278101,440281382,61.2,56.6,56.8,,,,,,,8825,256,0,9081,,,,,,890146459.0,9081.0,9081.0,1,0.741,0.741,0.97
mirith_hypercube_Va_fast,ref,6254896,6254886,6254922,808070687,808007911,808157180,792058628,792006360,792098565,45000,308440,81056,,,,,,,9140,256,0,9396,,,,,,1606384211.0,308440.0,9396.0,1,0.0,0.0,0.0
mirith_hypercube_Va_fast,ref,6254896,6254886,6254922,808070687,808007911,808157180,792058628,792006360,792098565,64.8,13.4,12.3,,,,,,,9140,256,0,9396,,,,,,1606384211.0,9396.0,9396.0,1,0.73,0.73,0.967
mirith_hypercube_Vb_fast,ref,8807565,8807542,8807583,1134272446,1134201632,1134368110,1117085816,1117059819,1117104354,62864,344832,101220,,,,,,,9160,256,0,9416,,,,,,2260165827.0,344832.0,9416.0,1,0.0,0.0,0.0
mirith_hypercube_Vb_fast,ref,8807565,8807542,8807583,1134272446,1134201632,1134368110,1117085816,1117059819,1117104354,64.5,11.0,10.1,,,,,,,9160,256,0,9416,,,,,,2260165827.0,9416.0,9416.0,1,0.729,0.729,0.966
ml-dsa-44,clean,1874405,1827873,1914904,7925955,3322507,33055004,2063096,2062599,2063590,38304,51976,36308,,,,,,,8212,0,0,8212,,,,,,11863456.0,51976.0,8212.0,1,0.0,0.0,0.0
ml-dsa-44,clean,1874405,1827873,1914904,7925955,3322507,33055004,2063096,2062599,2063590,61.0,31.0,52.9,,,,,,,8212,0,0,8212,,,,,,11863456.0,8212.0,8212.0,1,0.778,0.778,0.985
ml-dsa-44,m4f,1426025,1379650,1466529,3943121,1812557,17009165,1421623,1420738,1422362,38296,44816,8912,,,,,,,19592,0,0,19592,,,,,,6790769.0,44816.0,19592.0,1,0.0,0.0,0.758
ml-dsa-44,m4f,1426025,1379650,1466529,3943121,1812557,17009165,1421623,1420738,1422362,79.9,60.6,76.6,,,,,,,19592,0,0,19592,,,,,,6790769.0,19592.0,19592.0,1,0.0,0.0,0.906
ml-dsa-44,m4fstack,1799062,1685053,1902006,12134284,3901973,65357843,3242333,3199001,3279836,4408,5080,2712,,,,,,,24844,0,0,24844,,,,,,17175679.0,24844.0,24844.0,1,0.0,0.0,0.867
ml-dsa-44,m4fstack,1799062,1685053,1902006,12134284,3901973,65357843,3242333,3199001,3279836,74.9,54.8,40.8,,,,,,,24844,0,0,24844,,,,,,17175679.0,24844.0,24844.0,1,0.0,0.0,0.867
ml-dsa-65,clean,3205533,3204116,3206864,12359056,5098254,70122163,3377305,3376896,3377714,60832,79624,57736,,,,,,,7724,0,0,7724,,,,,,18941894.0,79624.0,7724.0,1,0.0,0.0,0.0
ml-dsa-65,clean,3205533,3204116,3206864,12359056,5098254,70122163,3377305,3376896,3377714,64.7,31.2,56.8,,,,,,,7724,0,0,7724,,,,,,18941894.0,7724.0,7724.0,1,0.792,0.792,0.987
ml-dsa-65,m4f,2516006,2514337,2517453,6193171,2918295,26008621,2415944,2415109,2416730,60824,68872,9888,,,,,,,19328,0,0,19328,,,,,,11125121.0,68872.0,19328.0,1,0.0,0.0,0.0
ml-dsa-65,m4f,2516006,2514337,2517453,6193171,2918295,26008621,2415944,2415109,2416730,82.3,60.6,79.2,,,,,,,19328,0,0,19328,,,,,,11125121.0,19328.0,19328.0,1,0.0,0.0,0.907
ml-dsa-65,m4fstack,3412622,3406495,3418945,24421526,6735243,164688347,5732397,5688990,5783258,4408,6616,2712,,,,,,,24120,0,0,24120,,,,,,33566545.0,24120.0,24120.0,1,0.0,0.0,0.87
ml-dsa-65,m4fstack,3412622,3406495,3418945,24421526,6735243,164688347,5732397,5688990,5783258,77.1,54.2,41.0,,,,,,,24120,0,0,24120,,,,,,33566545.0,24120.0,24120.0,1,0.0,0.0,0.87
ml-dsa-87,clean,5341863,5276084,5406569,15579513,7954385,82615659,5610203,5609675,5610695,97696,122740,92948,,,,,,,8036,0,0,8036,,,,,,26531579.0,122740.0,8036.0,1,0.0,0.0,0.0
ml-dsa-87,clean,5341863,5276084,5406569,15579513,7954385,82615659,5610203,5609675,5610695,67.0,35.9,61.1,,,,,,,8036,0,0,8036,,,,,,26531579.0,8036.0,8036.0,1,0.781,0.781,0.984
ml-dsa-87,m4f,4275859,4188469,4340256,7947380,4880711,29357607,4193104,4191862,4194249,97688,107892,12060,,,,,,,19500,0,0,19500,,,,,,16416343.0,107892.0,19500.0,1,0.0,0.0,0.0
ml-dsa-87,m4f,4275859,4188469,4340256,7947380,4880711,29357607,4193104,4191862,4194249,83.5,65.3,81.6,,,,,,,19500,0,0,19500,,,,,,16416343.0,19500.0,19500.0,1,0.0,0.0,0.904
ml-dsa-87,m4fstack,5820537,5484663,6113363,33357899,11168408,170850278,9911514,9852116,9969829,4408,8144,2720,,,,,,,24516,0,0,24516,,,,,,49089950.0,24516.0,24516.0,1,0.0,0.0,0.867
ml-dsa-87,m4fstack,5820537,5484663,6113363,33357899,11168408,170850278,9911514,9852116,9969829,76.1,54.0,42.6,,,,,,,24516,0,0,24516,,,,,,49089950.0,24516.0,24516.0,1,0.0,0.0,0.867
mqom_cat1_gf251_fast,ref,7780082,7761398,7795766,149063790,149045955,149079787,136742778,136613266,136821602,184356,399396,252684,,,,,,,16865,0,0,16865,,,,,,293586650.0,399396.0,16865.0,1,0.0,0.0,0.0
mqom_cat1_gf251_fast,ref,7780082,7761398,7795766,149063790,149045955,149079787,136742778,136613266,136821602,73.5,33.0,33.1,,,,,,,16865,0,0,16865,,,,,,293586650.0,16865.0,16865.0,1,0.0,0.0,0.917
mqom_cat1_gf31_fast,ref,8472628,8471619,8473585,243796920,243782136,243811088,244346110,244239828,244424317,262888,612816,421596,,,,,,,23718,0,0,23718,,,,,,496615658.0,612816.0,23718.0,1,0.0,0.0,0.0
mqom_cat1_gf31_fast,ref,8472628,8471619,8473585,243796920,243782136,243811088,244346110,244239828,244424317,64.6,19.8,19.2,,,,,,,23718,0,0,23718,,,,,,496615658.0,23718.0,23718.0,1,0.0,0.0,0.868
ov-Ip,m4f,139271467,139271458,139271493,2505317,2505311,2505345,996456,986007,997662,18676,5192,2520,,,,,,,116070,0,0,116070,,,,,,142773240.0,116070.0,116070.0,1,0.0,0.0,0.0
ov-Ip,m4f,139271467,139271458,139271493,2505317,2505311,2505345,996456,986007,997662,7.5,0.9,1.1,,,,,,,116070,0,0,116070,,,,,,142773240.0,116070.0,116070.0,1,0.0,0.0,0.0
ov-Ip,ref,351626040,351626005,351626063,6488435,6488421,6488456,1413310,1413307,1413342,18732,12712,5492,,,,,,,22374,0,0,22374,,,,,,359527785.0,22374.0,22374.0,1,0.0,0.0,0.878
ov-Ip,ref,351626040,351626005,351626063,6488435,6488421,6488456,1413310,1413307,1413342,3.0,0.3,0.8,,,,,,,22374,0,0,22374,,,,,,359527785.0,22374.0,22374.0,1,0.0,0.0,0.878
ov-Ip-pkc,m4fspeed,175478881,175478862,175478911,2527865,2527858,2527896,11215424,11205795,11218217,145236,5192,280952,,,,,,,116310,0,0,116310,,,,,,189222170.0,280952.0,116310.0,1,0.0,0.0,0.0
ov-Ip-pkc,m4fspeed,175478881,175478862,175478911,2527865,2527858,2527896,11215424,11205795,11218217,6.4,0.9,81.4,,,,,,,116310,0,0,116310,,,,,,189222170.0,116310.0,116310.0,1,0.0,0.0,0.0
ov-Ip-pkc,m4fstack,175478881,175478860,175478903,2773500,2527858,4984285,12061774,12042070,12064226,145236,5192,6556,,,,,,,88530,0,0,88530,,,,,,190314155.0,145236.0,88530.0,1,0.0,0.0,0.0
ov-Ip-pkc,m4fstack,175478881,175478860,175478903,2773500,2527858,4984285,12061774,12042070,12064226,6.4,0.9,81.3,,,,,,,88530,0,0,88530,,,,,,190314155.0,88530.0,88530.0,1,0.0,0.0,0.0
ov-Ip-pkc,ref,375763094,375763057,375763124,6928079,6928071,6928111,11584175,11584145,11584182,18732,12712,283860,,,,,,,22630,0,0,22630,,,,,,394275348.0,283860.0,22630.0,1,0.0,0.0,0.0
ov-Ip-pkc,ref,375763094,375763057,375763124,6928079,6928071,6928111,11584175,11584145,11584182,3.0,0.3,79.1,,,,,,,22630,0,0,22630,,,,,,394275348.0,22630.0,22630.0,1,0.0,0.0,0.876
ov-Ip-pkc-skc,m4fspeed,175478965,175478948,175478990,89263175,89263170,89263214,12003597,11986733,12006562,383148,243104,281036,,,,,,,116350,0,0,116350,,,,,,276745737.0,383148.0,116350.0,1,0.0,0.0,0.0
ov-Ip-pkc-skc,m4fspeed,175478965,175478948,175478990,89263175,89263170,89263214,12003597,11986733,12006562,6.4,12.5,81.7,,,,,,,116350,0,0,116350,,,,,,276745737.0,116350.0,116350.0,1,0.0,0.0,0.0
ov-Ip-pkc-skc,m4fstack,175478966,175478947,175478991,89263173,89263168,89263204,12058243,12038372,12064225,383148,243104,6556,,,,,,,88570,0,0,88570,,,,,,276800382.0,383148.0,88570.0,1,0.0,0.0,0.0
ov-Ip-pkc-skc,m4fstack,175478966,175478947,175478991,89263173,89263168,89263204,12058243,12038372,12064225,6.4,12.5,81.3,,,,,,,88570,0,0,88570,,,,,,276800382.0,88570.0,88570.0,1,0.0,0.0,0.0
ov-Ip-pkc-skc,ref,375763142,375763127,375763170,242044572,242044549,242044595,12436704,12436679,12436717,256644,256596,283860,,,,,,,22670,0,0,22670,,,,,,630244418.0,283860.0,22670.0,1,0.0,0.0,0.0
ov-Ip-pkc-skc,ref,375763142,375763127,375763170,242044572,242044549,242044595,12436704,12436679,12436717,3.0,4.7,79.1,,,,,,,22670,0,0,22670,,,,,,630244418.0,22670.0,22670.0,1,0.0,0.0,0.875
perk-128-fast-3,m4,644470,636635,647939,246017426,243005413,253780360,81024701,80816007,81395570,7696,24020,20684,,,,,,,11717,4,0,11721,,,,,,327686597.0,24020.0,11721.0,1,0.0,0.0,0.881
perk-128-fast-3,m4,644470,636635,647939,246017426,243005413,253780360,81024701,80816007,81395570,63.7,48.5,71.6,,,,,,,11717,4,0,11721,,,,,,327686597.0,11721.0,11721.0,1,0.0,0.0,0.953
perk-128-fast-3,ref,708498,693335,746765,217731020,217373834,218266235,96392553,96066645,96887038,7728,313412,313284,,,,,,,11053,4,0,11057,,,,,,314832071.0,313412.0,11057.0,1,0.0,0.0,0.0
perk-128-fast-3,ref,708498,693335,746765,217731020,217373834,218266235,96392553,96066645,96887038,58.7,28.4,61.6,,,,,,,11053,4,0,11057,,,,,,314832071.0,11057.0,11057.0,1,0.0,0.0,0.958
perk-128-fast-5,m4,817180,816960,817404,237884869,230003551,244535683,78109386,77698543,78417783,9032,25160,21752,,,,,,,11709,4,0,11713,,,,,,316811435.0,25160.0,11713.0,1,0.0,0.0,0.874
perk-128-fast-5,m4,817180,816960,817404,237884869,230003551,244535683,78109386,77698543,78417783,56.1,47.1,70.5,,,,,,,11709,4,0,11713,,,,,,316811435.0,11713.0,11713.0,1,0.0,0.0,0.953
perk-128-fast-5,ref,909135,909079,909199,215652606,215184285,216332885,94148220,93538371,95135325,9032,305688,305480,,,,,,,11129,4,0,11133,,,,,,310709961.0,305688.0,11133.0,1,0.0,0.0,0.0
perk-128-fast-5,ref,909135,909079,909199,215652606,215184285,216332885,94148220,93538371,95135325,50.5,27.2,60.2,,,,,,,11129,4,0,11133,,,,,,310709961.0,11133.0,11133.0,1,0.0,0.0,0.957
perk-128-short-3,m4,642276,636688,647881,1346726173,1331302188,1370409684,460140305,459600932,460823613,7696,27780,25228,,,,,,,24605,4,0,24609,,,,,,1807508754.0,27780.0,24609.0,1,0.0,0.0,0.841
perk-128-short-3,m4,642276,636688,647881,1346726173,1331302188,1370409684,460140305,459600932,460823613,63.9,47.7,69.8,,,,,,,24605,4,0,24609,,,,,,1807508754.0,24609.0,24609.0,1,0.0,0.0,0.859
perk-128-short-5,m4,817086,816914,817352,1249408455,1222079503,1287162277,428017047,427222001,428959908,9032,28616,26056,,,,,,,24673,4,0,24677,,,,,,1678242588.0,28616.0,24677.0,1,0.0,0.0,0.836
perk-128-short-5,m4,817086,816914,817352,1249408455,1222079503,1287162277,428017047,427222001,428959908,56.2,46.3,68.6,,,,,,,24673,4,0,24677,,,,,,1678242588.0,24677.0,24677.0,1,0.0,0.0,0.859
perk-192-fast-3,m4,1490893,1490614,1491170,578039864,570936301,583232703,194443607,194020947,194812016,14952,47720,41352,,,,,,,12077,4,0,12081,,,,,,773974364.0,47720.0,12081.0,3,0.0,0.0,0.94
perk-192-fast-3,m4,1490893,1490614,1491170,578039864,570936301,583232703,194443607,194020947,194812016,69.6,48.8,72.2,,,,,,,12077,4,0,12081,,,,,,773974364.0,12081.0,12081.0,3,0.0,0.0,1.149
perk-192-fast-5,m4,1803700,1803353,1804063,560779599,551003314,567090598,186978273,185781347,187997766,16864,48776,42416,,,,,,,12017,4,0,12021,,,,,,749561572.0,48776.0,12021.0,3,0.0,0.0,0.934
perk-192-fast-5,m4,1803700,1803353,1804063,560779599,551003314,567090598,186978273,185781347,187997766,62.9,48.0,71.3,,,,,,,12017,4,0,12021,,,,,,749561572.0,12021.0,12021.0,3,0.0,0.0,1.149
perk-192-short-3,m4,1490931,1490700,1491237,3287248058,3215163085,3367875518,1177626072,1173662370,1180161689,14952,51344,46656,,,,,,,24009,4,0,24013,,,,,,4466365061.0,51344.0,24013.0,3,0.0,0.0,0.0
perk-192-short-3,m4,1490931,1490700,1491237,3287248058,3215163085,3367875518,1177626072,1173662370,1180161689,69.5,46.9,66.1,,,,,,,24009,4,0,24013,,,,,,4466365061.0,24013.0,24013.0,3,0.0,0.0,1.062
perk-192-short-5,m4,1803810,1803582,1804114,3055640781,3012300361,3097923832,1098102537,1091885810,1100922095,16864,51888,47256,,,,,,,24649,4,0,24653,,,,,,4155547128.0,51888.0,24653.0,3,0.0,0.0,0.0
perk-192-short-5,m4,1803810,1803582,1804114,3055640781,3012300361,3097923832,1098102537,1091885810,1100922095,62.9,45.9,64.8,,,,,,,24649,4,0,24653,,,,,,4155547128.0,24653.0,24653.0,3,0.0,0.0,1.058
perk-256-fast-3,m4,2579417,2579240,2579552,1180042672,1167250030,1195968610,418170893,415658694,420627465,25504,80304,69912,,,,,,,12129,4,0,12133,,,,,,1600792982.0,80304.0,12133.0,5,0.0,0.0,0.0
perk-256-fast-3,m4,2579417,2579240,2579552,1180042672,1167250030,1195968610,418170893,415658694,420627465,71.3,52.0,74.9,,,,,,,12129,4,0,12133,,,,,,1600792982.0,12133.0,12133.0,5,0.0,0.0,1.347
perk-256-fast-5,m4,3067494,3051317,3122708,1132865549,1118062283,1145937660,398350119,396811115,400676954,28064,80896,70640,,,,,,,12041,4,0,12045,,,,,,1534283162.0,80896.0,12045.0,5,0.0,0.0,0.0
perk-256-fast-5,m4,3067494,3051317,3122708,1132865549,1118062283,1145937660,398350119,396811115,400676954,64.2,51.1,74.0,,,,,,,12041,4,0,12045,,,,,,1534283162.0,12045.0,12045.0,5,0.0,0.0,1.348
perk-256-short-3,m4,2585286,2579142,2638281,6776856645,6661520383,6897544501,2642609592,2640236102,2645143628,25504,82264,74784,,,,,,,31697,4,0,31701,,,,,,9422051523.0,82264.0,31701.0,5,0.0,0.0,0.0
perk-256-short-3,m4,2585286,2579142,2638281,6776856645,6661520383,6897544501,2642609592,2640236102,2645143628,71.4,48.8,65.4,,,,,,,31697,4,0,31701,,,,,,9422051523.0,31701.0,31701.0,5,0.0,0.0,1.207
perk-256-short-5,m4,3079789,3052513,3184058,6207736113,6128500846,6330487968,2452601903,2442259899,2460272362,28064,82056,74808,,,,,,,32693,4,0,32697,,,,,,8663417805.0,82056.0,32697.0,5,0.0,0.0,0.0
perk-256-short-5,m4,3079789,3052513,3184058,6207736113,6128500846,6330487968,2452601903,2442259899,2460272362,64.0,47.9,64.1,,,,,,,32693,4,0,32697,,,,,,8663417805.0,32697.0,32697.0,5,0.0,0.0,1.2
snova-24-5-16-4-esk,ref,24840838,24840391,24841191,139251354,139235721,139274512,88454046,88453528,88454429,169008,89984,118152,,,,,,,52132,0,336,52468,,,,,,252546238.0,169008.0,52468.0,1,0.0,0.0,0.0
snova-24-5-16-4-esk,ref,24840838,24840391,24841191,139251354,139235721,139274512,88454046,88453528,88454429,12.2,0.0,3.4,,,,,,,52132,0,336,52468,,,,,,252546238.0,52468.0,52468.0,1,0.0,0.0,0.0
snova-24-5-16-4-ssk,ref,24772323,24771821,24772994,174094748,160180156,299202162,88453756,88453293,88454408,169008,169104,118152,,,,,,,52132,0,336,52468,,,,,,287320827.0,169104.0,52468.0,1,0.0,0.0,0.0
snova-24-5-16-4-ssk,ref,24772323,24771821,24772994,174094748,160180156,299202162,88453756,88453293,88454408,12.2,1.9,3.4,,,,,,,52132,0,336,52468,,,,,,287320827.0,52468.0,52468.0,1,0.0,0.0,0.0
snova-25-8-16-3-esk,ref,35280792,35280693,35280867,71674196,65171606,130098735,42542485,42542403,42542553,190696,87400,122656,,,,,,,28240,0,299,28539,,,,,,149497473.0,190696.0,28539.0,1,0.0,0.0,0.0
snova-25-8-16-3-esk,ref,35280792,35280693,35280867,71674196,65171606,130098735,42542485,42542403,42542553,9.6,0.1,8.0,,,,,,,28240,0,299,28539,,,,,,149497473.0,28539.0,28539.0,1,0.0,0.0,0.836
snova-25-8-16-3-ssk,ref,35195324,35195216,35195579,112654217,93165980,158103540,42542507,42542396,42542732,190696,190836,122656,,,,,,,28240,0,299,28539,,,,,,190392048.0,190836.0,28539.0,1,0.0,0.0,0.0
snova-25-8-16-3-ssk,ref,35195324,35195216,35195579,112654217,93165980,158103540,42542507,42542396,42542732,9.7,3.5,8.0,,,,,,,28240,0,299,28539,,,,,,190392048.0,28539.0,28539.0,1,0.0,0.0,0.836
snova-28-17-16-2-esk,ref,51177590,51177548,51177647,23387139,21270788,42311786,19180389,19180360,19180440,309216,127232,199684,,,,,,,16436,0,280,16716,,,,,,93745118.0,309216.0,16716.0,1,0.0,0.0,0.0
snova-28-17-16-2-esk,ref,51177590,51177548,51177647,23387139,21270788,42311786,19180389,19180360,19180440,10.6,0.2,28.1,,,,,,,16436,0,280,16716,,,,,,93745118.0,16716.0,16716.0,1,0.0,0.0,0.92
snova-28-17-16-2-ssk,ref,51065038,51064999,51065086,52865514,50757388,71788606,19180379,19180357,19180425,309216,309356,199684,,,,,,,16436,0,280,16716,,,,,,123110931.0,309356.0,16716.0,1,0.0,0.0,0.0
snova-28-17-16-2-ssk,ref,51065038,51064999,51065086,52865514,50757388,71788606,19180379,19180357,19180425,10.6,10.7,28.1,,,,,,,16436,0,280,16716,,,,,,123110931.0,16716.0,16716.0,1,0.0,0.0,0.92
snova-37-8-16-4-ssk,ref,122023801,122023399,122024216,533063912,533033960,533090127,335806349,335805890,335806820,640324,640428,411516,,,,,,,52440,0,336,52776,,,,,,990894062.0,640428.0,52776.0,1,0.0,0.0,0.0
snova-37-8-16-4-ssk,ref,122023801,122023399,122024216,533063912,533033960,533090127,335806349,335805890,335806820,8.8,2.0,3.4,,,,,,,52440,0,336,52776,,,,,,990894062.0,52776.0,52776.0,1,0.0,0.0,0.0
sphincs-sha2-128f-simple,clean,15742990,15742958,15742996,368575228,368575193,368575246,21923628,21369867,22456717,2856,2468,2664,,,,,,,4956,0,0,4956,,,,,,406241846.0,4956.0,4956.0,1,0.875,0.875,1.0
sphincs-sha2-128f-simple,clean,15742990,15742958,15742996,368575228,368575193,368575246,21923628,21369867,22456717,90.8,90.7,90.6,,,,,,,4956,0,0,4956,,,,,,406241846.0,4956.0,4956.0,1,0.875,0.875,1.0
sphincs-sha2-128s-simple,clean,1007731522,1007731504,1007731551,7657558168,7657558117,7657558212,7471794,7228491,7797915,3084,2556,1968,,,,,,,5264,0,0,5264,,,,,,8672761484.0,5264.0,5264.0,1,0.861,0.861,0.993
sphincs-sha2-128s-simple,clean,1007731522,1007731504,1007731551,7657558168,7657558117,7657558212,7471794,7228491,7797915,90.8,90.7,90.4,,,,,,,5264,0,0,5264,,,,,,8672761484.0,5264.0,5264.0,1,0.861,0.861,0.993
sphincs-sha2-192f-simple,clean,23570224,23570214,23570257,666398438,666398401,666398468,35457937,35087854,35973969,5468,4404,4356,,,,,,,5444,0,0,5444,,,,,,725426599.0,5468.0,5444.0,3,1.058,1.058,1.195
sphincs-sha2-192f-simple,clean,23570224,23570214,23570257,666398438,666398401,666398468,35457937,35087854,35973969,90.2,90.8,90.7,,,,,,,5444,0,0,5444,,,,,,725426599.0,5444.0,5444.0,3,1.058,1.058,1.196
sphincs-sha2-192s-simple,clean,1509654951,1509654914,1509654968,15452089990,15452089934,15452090071,13494855,12947211,14303224,5796,4540,3700,,,,,,,5968,0,0,5968,,,,,,16975239796.0,5968.0,5968.0,3,1.037,1.037,1.187
sphincs-sha2-192s-simple,clean,1509654951,1509654914,1509654968,15452089990,15452089934,15452090071,13494855,12947211,14303224,90.3,91.1,91.5,,,,,,,5968,0,0,5968,,,,,,16975239796.0,5968.0,5968.0,3,1.037,1.037,1.187
sphincs-sha2-256f-simple,clean,62583556,62583533,62583577,1377768608,1377768561,1377768713,37302611,36599268,38058007,8460,6412,5980,,,,,,,5728,0,0,5728,,,,,,1477654775.0,8460.0,5728.0,5,1.168,1.168,1.376
sphincs-sha2-256f-simple,clean,62583556,62583533,62583577,1377768608,1377768561,1377768713,37302611,36599268,38058007,90.2,90.7,90.9,,,,,,,5728,0,0,5728,,,,,,1477654775.0,5728.0,5728.0,5,1.248,1.248,1.392
sphincs-sha2-256s-simple,clean,1001040810,1001040779,1001040845,14326202444,14326202404,14326202506,19637153,18985943,20132079,8756,6540,5580,,,,,,,6084,0,0,6084,,,,,,15346880407.0,8756.0,6084.0,5,1.155,1.155,1.371
sphincs-sha2-256s-simple,clean,1001040810,1001040779,1001040845,14326202444,14326202404,14326202506,19637153,18985943,20132079,90.2,91.3,91.3,,,,,,,6084,0,0,6084,,,,,,15346880407.0,6084.0,6084.0,5,1.233,1.233,1.387
sphincs-shake-128f-simple,clean,50505025,50505022,50505030,1182422563,1182422491,1182422621,70501834,68595319,71605565,2760,2372,2568,,,,,,,4184,0,0,4184,,,,,,1303429422.0,4184.0,4184.0,1,0.898,0.898,1.003
sphincs-shake-128f-simple,clean,50505025,50505022,50505030,1182422563,1182422491,1182422621,70501834,68595319,71605565,97.6,97.6,97.5,,,,,,,4184,0,0,4184,,,,,,1303429422.0,4184.0,4184.0,1,0.898,0.898,1.003
sphincs-shake-128s-simple,clean,3231401965,3231401936,3231402005,24553696412,24553696311,24553696516,24366771,22962144,25470425,2988,2460,1872,,,,,,,4492,0,0,4492,,,,,,27809465148.0,4492.0,4492.0,1,0.884,0.884,0.997
sphincs-shake-128s-simple,clean,3231401965,3231401936,3231402005,24553696412,24553696311,24553696516,24366771,22962144,25470425,97.6,97.6,97.5,,,,,,,4492,0,0,4492,,,,,,27809465148.0,4492.0,4492.0,1,0.884,0.884,0.997
sphincs-shake-192f-simple,clean,74890591,74890566,74890617,1937690056,1937690000,1937690169,103305801,101234011,104969964,4928,3860,3816,,,,,,,4472,0,0,4472,,,,,,2115886448.0,4928.0,4472.0,3,1.075,1.075,1.198
sphincs-shake-192f-simple,clean,74890591,74890566,74890617,1937690056,1937690000,1937690169,103305801,101234011,104969964,97.5,97.4,97.4,,,,,,,4472,0,0,4472,,,,,,2115886448.0,4472.0,4472.0,3,1.088,1.088,1.201
sphincs-shake-192s-simple,clean,4793551013,4793550980,4793551045,43114327277,43114327182,43114327407,35026412,33413152,36300013,5252,3996,3160,,,,,,,4984,0,0,4984,,,,,,47942904702.0,5252.0,4984.0,3,1.06,1.06,1.191
sphincs-shake-192s-simple,clean,4793551013,4793550980,4793551045,43114327277,43114327182,43114327407,35026412,33413152,36300013,97.5,97.4,97.4,,,,,,,4984,0,0,4984,,,,,,47942904702.0,4984.0,4984.0,3,1.067,1.067,1.193
sphincs-shake-256f-simple,clean,200110912,200110878,200110926,4026533198,4026533128,4026533250,108394619,106138946,111648895,7928,5876,5448,,,,,,,4720,0,0,4720,,,,,,4335038729.0,7928.0,4720.0,5,1.185,1.185,1.379
sphincs-shake-256f-simple,clean,200110912,200110878,200110926,4026533198,4026533128,4026533250,108394619,106138946,111648895,97.5,97.4,97.4,,,,,,,4720,0,0,4720,,,,,,4335038729.0,4720.0,4720.0,5,1.279,1.279,1.398
sphincs-shake-256s-simple,clean,3201898694,3201898656,3201898741,38175697620,38175697525,38175697766,52912174,51224772,53979746,8220,6004,5048,,,,,,,5076,0,0,5076,,,,,,41430508488.0,8220.0,5076.0,5,1.173,1.173,1.374
sphincs-shake-256s-simple,clean,3201898694,3201898656,3201898741,38175697620,38175697525,38175697766,52912174,51224772,53979746,97.5,97.3,97.4,,,,,,,5076,0,0,5076,,,,,,41430508488.0,5076.0,5076.0,5,1.265,1.265,1.393
